x,y,vx,vy,Paddle.y
1140,280,-20,-20,210
1120,260,-20,-20,209
1100,240,-20,-20,207
1080,220,-20,-20,205
1060,200,-20,-20,203
1040,180,-20,-20,201
1020,160,-20,-20,199
1000,140,-20,-20,197
980,120,-20,-20,194
960,100,-20,-20,193
940,80,-20,-20,192
920,60,-20,-20,192
900,40,-20,-20,192
900,40,-20,20,192
880,60,-20,20,192
860,80,-20,20,192
840,100,-20,20,192
820,120,-20,20,192
800,140,-20,20,192
780,160,-20,20,189
760,180,-20,20,180
740,200,-20,20,156
720,220,-20,20,130
700,240,-20,20,84
680,260,-20,20,84
660,280,-20,20,84
640,300,-20,20,84
620,320,-20,20,84
600,340,-20,20,84
580,360,-20,20,84
560,380,-20,20,84
540,400,-20,20,84
520,420,-20,20,84
500,440,-20,20,84
480,460,-20,20,84
460,480,-20,20,84
440,500,-20,20,84
420,520,-20,20,84
400,540,-20,20,84
380,560,-20,20,84
380,560,-20,-20,84
360,540,-20,-20,84
340,520,-20,-20,84
320,500,-20,-20,84
300,480,-20,-20,84
280,460,-20,-20,84
260,440,-20,-20,84
240,420,-20,-20,84
220,400,-20,-20,84
200,380,-20,-20,84
180,360,-20,-20,84
160,340,-20,-20,84
140,320,-20,-20,84
120,300,-20,-20,84
100,280,-20,-20,84
80,260,-20,-20,84
60,240,-20,-20,84
40,220,-20,-20,84
40,220,20,-20,84
60,200,20,-20,84
80,180,20,-20,84
100,160,20,-20,84
120,140,20,-20,84
140,120,20,-20,84
160,100,20,-20,84
180,80,20,-20,84
200,60,20,-20,84
220,40,20,-20,84
220,40,20,20,84
240,60,20,20,84
260,80,20,20,84
280,100,20,20,84
300,120,20,20,84
320,140,20,20,88
340,160,20,20,123
360,180,20,20,142
380,200,20,20,161
400,220,20,20,161
420,240,20,20,161
440,260,20,20,161
460,280,20,20,161
480,300,20,20,161
500,320,20,20,161
520,340,20,20,161
540,360,20,20,161
560,380,20,20,185
580,400,20,20,190
600,420,20,20,196
620,440,20,20,199
640,460,20,20,202
660,480,20,20,202
680,500,20,20,202
700,520,20,20,202
720,540,20,20,202
740,560,20,20,202
740,560,20,-20,202
760,540,20,-20,202
780,520,20,-20,202
800,500,20,-20,201
820,480,20,-20,197
840,460,20,-20,192
860,440,20,-20,188
880,420,20,-20,182
900,400,20,-20,179
920,380,20,-20,175
940,360,20,-20,173
960,340,20,-20,172
980,320,20,-20,170
1000,300,20,-20,165
1020,280,20,-20,161
1040,260,20,-20,152
1060,240,20,-20,134
1080,220,20,-20,115
1100,200,20,-20,107
1120,180,20,-20,106
1140,160,20,-20,106
1160,140,20,-20,106
1160,140,-20,-20,110
1140,120,-20,-20,115
1120,100,-20,-20,119
1100,80,-20,-20,122
1080,60,-20,-20,124
1060,40,-20,-20,128
1060,40,-20,20,132
1040,60,-20,20,139
1020,80,-20,20,147
1000,100,-20,20,155
980,120,-20,20,164
960,140,-20,20,173
940,160,-20,20,179
920,180,-20,20,179
900,200,-20,20,179
880,220,-20,20,179
860,240,-20,20,179
840,260,-20,20,179
820,280,-20,20,179
800,300,-20,20,179
780,320,-20,20,179
760,340,-20,20,180
740,360,-20,20,181
720,380,-20,20,183
700,400,-20,20,186
680,420,-20,20,188
660,440,-20,20,189
640,460,-20,20,189
620,480,-20,20,189
600,500,-20,20,189
580,520,-20,20,189
560,540,-20,20,189
540,560,-20,20,189
540,560,-20,-20,189
520,540,-20,-20,189
500,520,-20,-20,189
480,500,-20,-20,189
460,480,-20,-20,189
440,460,-20,-20,189
420,440,-20,-20,189
400,420,-20,-20,189
380,400,-20,-20,189
360,380,-20,-20,189
340,360,-20,-20,189
320,340,-20,-20,189
300,320,-20,-20,189
280,300,-20,-20,189
260,280,-20,-20,189
240,260,-20,-20,189
220,240,-20,-20,189
200,220,-20,-20,189
180,200,-20,-20,189
160,180,-20,-20,189
140,160,-20,-20,189
120,140,-20,-20,189
100,120,-20,-20,189
80,100,-20,-20,189
60,80,-20,-20,189
40,60,-20,-20,189
40,60,20,-20,189
60,40,20,-20,189
60,40,20,20,189
80,60,20,20,189
100,80,20,20,189
120,100,20,20,189
140,120,20,20,189
160,140,20,20,189
180,160,20,20,189
200,180,20,20,189
220,200,20,20,189
240,220,20,20,189
260,240,20,20,189
280,260,20,20,189
300,280,20,20,189
320,300,20,20,189
340,320,20,20,189
360,340,20,20,189
380,360,20,20,189
400,380,20,20,189
420,400,20,20,189
440,420,20,20,189
460,440,20,20,189
480,460,20,20,189
500,480,20,20,188
520,500,20,20,188
540,520,20,20,188
560,540,20,20,187
580,560,20,20,187
580,560,20,-20,185
600,540,20,-20,184
620,520,20,-20,182
640,500,20,-20,179
660,480,20,-20,176
680,460,20,-20,173
700,440,20,-20,170
720,420,20,-20,165
740,400,20,-20,161
760,380,20,-20,155
780,360,20,-20,149
800,340,20,-20,138
820,320,20,-20,130
840,300,20,-20,124
860,280,20,-20,115
880,260,20,-20,106
900,240,20,-20,104
920,220,20,-20,102
940,200,20,-20,100
960,180,20,-20,100
980,160,20,-20,100
1000,140,20,-20,100
1020,120,20,-20,100
1040,100,20,-20,100
1060,80,20,-20,100
1080,60,20,-20,100
1100,40,20,-20,100
1100,40,20,20,99
1120,60,20,20,99
1140,80,20,20,99
1160,100,20,20,99
1160,100,-20,20,99
1140,120,-20,20,99
1120,140,-20,20,99
1100,160,-20,20,99
1080,180,-20,20,99
1060,200,-20,20,102
1040,220,-20,20,117
1020,240,-20,20,129
1000,260,-20,20,159
980,280,-20,20,179
960,300,-20,20,195
940,320,-20,20,201
920,340,-20,20,202
900,360,-20,20,202
880,380,-20,20,202
860,400,-20,20,202
840,420,-20,20,202
820,440,-20,20,203
800,460,-20,20,204
780,480,-20,20,205
760,500,-20,20,205
740,520,-20,20,205
720,540,-20,20,205
700,560,-20,20,205
700,560,-20,-20,205
680,540,-20,-20,205
660,520,-20,-20,205
640,500,-20,-20,205
620,480,-20,-20,205
600,460,-20,-20,205
580,440,-20,-20,205
560,420,-20,-20,205
540,400,-20,-20,205
520,380,-20,-20,205
500,360,-20,-20,205
480,340,-20,-20,205
460,320,-20,-20,205
440,300,-20,-20,205
420,280,-20,-20,205
400,260,-20,-20,205
380,240,-20,-20,205
360,220,-20,-20,205
340,200,-20,-20,205
320,180,-20,-20,205
300,160,-20,-20,205
280,140,-20,-20,205
260,120,-20,-20,205
240,100,-20,-20,205
220,80,-20,-20,205
200,60,-20,-20,205
180,40,-20,-20,205
180,40,-20,20,205
160,60,-20,20,205
140,80,-20,20,205
120,100,-20,20,205
100,120,-20,20,205
80,140,-20,20,205
60,160,-20,20,205
40,180,-20,20,205
40,180,20,20,205
60,200,20,20,205
80,220,20,20,205
100,240,20,20,205
120,260,20,20,205
140,280,20,20,205
160,300,20,20,205
180,320,20,20,205
200,340,20,20,205
220,360,20,20,205
240,380,20,20,205
260,400,20,20,205
280,420,20,20,205
300,440,20,20,205
320,460,20,20,205
340,480,20,20,205
360,500,20,20,205
380,520,20,20,205
400,540,20,20,203
420,560,20,20,201
420,560,20,-20,199
440,540,20,-20,198
460,520,20,-20,197
480,500,20,-20,196
500,480,20,-20,196
520,460,20,-20,195
540,440,20,-20,192
560,420,20,-20,190
580,400,20,-20,187
600,380,20,-20,184
620,360,20,-20,183
640,340,20,-20,180
660,320,20,-20,178
680,300,20,-20,177
700,280,20,-20,176
720,260,20,-20,173
740,240,20,-20,170
760,220,20,-20,165
780,200,20,-20,161
800,180,20,-20,155
820,160,20,-20,150
840,140,20,-20,147
860,120,20,-20,146
880,100,20,-20,146
900,80,20,-20,146
920,60,20,-20,146
940,40,20,-20,146
940,40,20,20,146
960,60,20,20,146
980,80,20,20,146
1000,100,20,20,146
1020,120,20,20,146
1040,140,20,20,146
1060,160,20,20,147
1080,180,20,20,153
1100,200,20,20,162
1120,220,20,20,171
1140,240,20,20,191
1160,260,20,20,226
1160,260,-20,20,268
1140,280,-20,20,319
1120,300,-20,20,345
1100,320,-20,20,353
1080,340,-20,20,354
1060,360,-20,20,354
1040,380,-20,20,354
1020,400,-20,20,353
1000,420,-20,20,353
980,440,-20,20,355
960,460,-20,20,356
940,480,-20,20,356
920,500,-20,20,356
900,520,-20,20,356
880,540,-20,20,356
860,560,-20,20,356
860,560,-20,-20,356
840,540,-20,-20,355
820,520,-20,-20,352
800,500,-20,-20,350
780,480,-20,-20,348
760,460,-20,-20,346
740,440,-20,-20,341
720,420,-20,-20,336
700,400,-20,-20,331
680,380,-20,-20,324
660,360,-20,-20,321
640,340,-20,-20,317
620,320,-20,-20,314
600,300,-20,-20,312
580,280,-20,-20,312
560,260,-20,-20,312
540,240,-20,-20,312
520,220,-20,-20,312
500,200,-20,-20,312
480,180,-20,-20,311
460,160,-20,-20,311
440,140,-20,-20,311
420,120,-20,-20,311
400,100,-20,-20,311
380,80,-20,-20,311
360,60,-20,-20,311
340,40,-20,-20,311
340,40,-20,20,311
320,60,-20,20,311
300,80,-20,20,311
280,100,-20,20,311
260,120,-20,20,311
240,140,-20,20,311
220,160,-20,20,311
200,180,-20,20,311
180,200,-20,20,311
160,220,-20,20,311
140,240,-20,20,311
120,260,-20,20,311
100,280,-20,20,311
80,300,-20,20,311
60,320,-20,20,311
40,340,-20,20,311
40,340,20,20,311
60,360,20,20,311
80,380,20,20,311
100,400,20,20,311
120,420,20,20,311
140,440,20,20,311
160,460,20,20,311
180,480,20,20,310
200,500,20,20,310
220,520,20,20,310
240,540,20,20,310
260,560,20,20,310
260,560,20,-20,309
280,540,20,-20,308
300,520,20,-20,306
320,500,20,-20,304
340,480,20,-20,303
360,460,20,-20,299
380,440,20,-20,293
400,420,20,-20,286
420,400,20,-20,281
440,380,20,-20,273
460,360,20,-20,265
480,340,20,-20,257
500,320,20,-20,252
520,300,20,-20,242
540,280,20,-20,238
560,260,20,-20,234
580,240,20,-20,230
600,220,20,-20,225
620,200,20,-20,223
640,180,20,-20,223
660,160,20,-20,223
680,140,20,-20,223
700,120,20,-20,223
720,100,20,-20,223
740,80,20,-20,227
760,60,20,-20,228
780,40,20,-20,229
780,40,20,20,229
800,60,20,20,232
820,80,20,20,234
840,100,20,20,236
860,120,20,20,238
880,140,20,20,246
900,160,20,20,252
920,180,20,20,254
940,200,20,20,255
960,220,20,20,255
980,240,20,20,255
1000,260,20,20,255
1020,280,20,20,261
1040,300,20,20,279
1060,320,20,20,318
1080,340,20,20,365
1100,360,20,20,411
1120,380,20,20,473
1140,400,20,20,493
1160,420,20,20,501
1180,440,20,20,502
1180,440,-20,20,502
1160,460,-20,20,502
1140,480,-20,20,502
1120,500,-20,20,502
1100,520,-20,20,502
1080,540,-20,20,502
1060,560,-20,20,502
1060,560,-20,-20,502
1040,540,-20,-20,502
1020,520,-20,-20,502
1000,500,-20,-20,502
980,480,-20,-20,502
960,460,-20,-20,502
940,440,-20,-20,502
920,420,-20,-20,502
900,400,-20,-20,502
880,380,-20,-20,502
860,360,-20,-20,502
840,340,-20,-20,502
820,320,-20,-20,499
800,300,-20,-20,488
780,280,-20,-20,475
760,260,-20,-20,459
740,240,-20,-20,440
720,220,-20,-20,420
700,200,-20,-20,403
680,180,-20,-20,394
660,160,-20,-20,388
640,140,-20,-20,384
620,120,-20,-20,378
600,100,-20,-20,374
580,80,-20,-20,361
560,60,-20,-20,351
540,40,-20,-20,341
540,40,-20,20,330
520,60,-20,20,324
500,80,-20,20,318
480,100,-20,20,316
460,120,-20,20,315
440,140,-20,20,314
420,160,-20,20,313
400,180,-20,20,313
380,200,-20,20,313
360,220,-20,20,313
340,240,-20,20,313
320,260,-20,20,313
300,280,-20,20,313
280,300,-20,20,313
260,320,-20,20,313
240,340,-20,20,313
220,360,-20,20,313
200,380,-20,20,313
180,400,-20,20,313
160,420,-20,20,313
140,440,-20,20,313
120,460,-20,20,313
100,480,-20,20,313
80,500,-20,20,313
60,520,-20,20,313
40,540,-20,20,313
40,540,20,20,313
60,560,20,20,313
60,560,20,-20,313
80,540,20,-20,313
100,520,20,-20,313
120,500,20,-20,313
140,480,20,-20,313
160,460,20,-20,313
180,440,20,-20,313
200,420,20,-20,313
220,400,20,-20,313
240,380,20,-20,313
260,360,20,-20,313
280,340,20,-20,313
300,320,20,-20,313
320,300,20,-20,313
340,280,20,-20,313
360,260,20,-20,313
380,240,20,-20,313
400,220,20,-20,313
420,200,20,-20,313
440,180,20,-20,313
460,160,20,-20,313
480,140,20,-20,313
500,120,20,-20,313
520,100,20,-20,313
540,80,20,-20,313
560,60,20,-20,313
580,40,20,-20,313
580,40,20,20,313
600,60,20,20,313
620,80,20,20,313
640,100,20,20,313
660,120,20,20,313
680,140,20,20,313
700,160,20,20,313
720,180,20,20,313
740,200,20,20,313
760,220,20,20,313
780,240,20,20,313
800,260,20,20,314
820,280,20,20,315
840,300,20,20,315
860,320,20,20,315
880,340,20,20,315
900,360,20,20,315
920,380,20,20,315
940,400,20,20,315
960,420,20,20,315
980,440,20,20,315
1000,460,20,20,315
1020,480,20,20,315
1040,500,20,20,315
1060,520,20,20,315
1080,540,20,20,315
1100,560,20,20,314
1100,560,20,-20,314
1120,540,20,-20,314
1140,520,20,-20,313
1160,500,20,-20,313
1180,480,20,-20,313
1200,460,20,-20,313
1220,440,20,-20,313
1240,420,20,-20,316
1260,400,20,-20,330
1260,400,-20,-20,354
1260,400,20,-20,379
1260,400,-20,-20,390
1260,400,20,-20,398
1260,400,-20,-20,399
1260,400,20,-20,399
1260,400,-20,-20,399
1260,400,20,-20,399
1260,400,-20,-20,399
1260,400,20,-20,399
1260,400,-20,-20,399
1260,400,20,-20,397
1260,400,-20,-20,394
1260,400,20,-20,393
1260,400,-20,-20,392
1260,400,20,-20,392
1260,400,-20,-20,392
1260,400,20,-20,392
1260,400,-20,-20,392
1260,400,20,-20,391
1260,400,-20,-20,391
1260,400,20,-20,391
1260,400,-20,-20,391
1260,400,20,-20,391
1260,400,-20,-20,391
1260,400,20,-20,391
1260,400,-20,-20,391
1260,400,20,-20,391
1260,400,-20,-20,391
1260,400,20,-20,391
1260,400,-20,-20,390
1260,400,20,-20,390
1260,400,-20,-20,390
1260,400,20,-20,390
1260,400,-20,-20,390
1260,400,20,-20,390
1260,400,-20,-20,390
1260,400,20,-20,390
1260,400,-20,-20,390
1260,400,20,-20,390
1260,400,-20,-20,390
1260,400,20,-20,390
1260,400,-20,-20,390
1260,400,20,-20,390
1260,400,-20,-20,390
1260,400,20,-20,390
1260,400,-20,-20,390
1260,400,20,-20,390
1260,400,-20,-20,390
1260,400,20,-20,390
1260,400,-20,-20,390
1260,400,20,-20,390
1260,400,-20,-20,390
1260,400,20,-20,390
1260,400,-20,-20,390
1260,400,20,-20,394
1260,400,-20,-20,409
1240,380,-20,-20,432
1220,360,-20,-20,453
1200,340,-20,-20,461
1180,320,-20,-20,462
1160,300,-20,-20,462
1140,280,-20,-20,462
1120,260,-20,-20,462
1100,240,-20,-20,462
1080,220,-20,-20,457
1060,200,-20,-20,450
1040,180,-20,-20,441
1020,160,-20,-20,432
1000,140,-20,-20,417
980,120,-20,-20,409
960,100,-20,-20,401
940,80,-20,-20,399
920,60,-20,-20,398
900,40,-20,-20,396
900,40,-20,20,391
880,60,-20,20,388
860,80,-20,20,387
840,100,-20,20,386
820,120,-20,20,384
800,140,-20,20,383
780,160,-20,20,383
760,180,-20,20,383
740,200,-20,20,382
720,220,-20,20,382
700,240,-20,20,382
680,260,-20,20,380
660,280,-20,20,379
640,300,-20,20,378
620,320,-20,20,376
600,340,-20,20,373
580,360,-20,20,370
560,380,-20,20,367
540,400,-20,20,365
520,420,-20,20,360
500,440,-20,20,357
480,460,-20,20,351
460,480,-20,20,349
440,500,-20,20,347
420,520,-20,20,342
400,540,-20,20,340
380,560,-20,20,337
380,560,-20,-20,337
360,540,-20,-20,336
340,520,-20,-20,335
320,500,-20,-20,334
300,480,-20,-20,334
280,460,-20,-20,334
260,440,-20,-20,334
240,420,-20,-20,334
220,400,-20,-20,334
200,380,-20,-20,334
180,360,-20,-20,334
160,340,-20,-20,334
140,320,-20,-20,334
120,300,-20,-20,334
100,280,-20,-20,334
80,260,-20,-20,334
60,240,-20,-20,334
40,220,-20,-20,334
40,220,20,-20,334
60,200,20,-20,334
80,180,20,-20,334
100,160,20,-20,334
120,140,20,-20,334
140,120,20,-20,334
160,100,20,-20,334
180,80,20,-20,334
200,60,20,-20,334
220,40,20,-20,334
220,40,20,20,334
240,60,20,20,334
260,80,20,20,334
280,100,20,20,334
300,120,20,20,334
320,140,20,20,334
340,160,20,20,334
360,180,20,20,334
380,200,20,20,334
400,220,20,20,334
420,240,20,20,334
440,260,20,20,334
460,280,20,20,334
480,300,20,20,334
500,320,20,20,334
520,340,20,20,334
540,360,20,20,334
560,380,20,20,334
580,400,20,20,330
600,420,20,20,327
620,440,20,20,325
640,460,20,20,325
660,480,20,20,325
680,500,20,20,325
700,520,20,20,325
720,540,20,20,325
740,560,20,20,325
740,560,20,-20,325
760,540,20,-20,324
780,520,20,-20,320
800,500,20,-20,317
820,480,20,-20,312
840,460,20,-20,309
860,440,20,-20,305
880,420,20,-20,301
900,400,20,-20,288
920,380,20,-20,275
940,360,20,-20,262
960,340,20,-20,254
980,320,20,-20,246
1000,300,20,-20,242
1020,280,20,-20,233
1040,260,20,-20,222
1060,240,20,-20,204
1080,220,20,-20,183
1100,200,20,-20,161
1120,180,20,-20,143
1140,160,20,-20,134
1160,140,20,-20,132
1160,140,-20,-20,132
1140,120,-20,-20,132
1120,100,-20,-20,132
1100,80,-20,-20,132
1080,60,-20,-20,132
1060,40,-20,-20,132
1060,40,-20,20,132
1040,60,-20,20,132
1020,80,-20,20,132
1000,100,-20,20,132
980,120,-20,20,133
960,140,-20,20,135
940,160,-20,20,138
920,180,-20,20,141
900,200,-20,20,148
880,220,-20,20,156
860,240,-20,20,166
840,260,-20,20,172
820,280,-20,20,186
800,300,-20,20,194
780,320,-20,20,208
760,340,-20,20,215
740,360,-20,20,219
720,380,-20,20,222
700,400,-20,20,226
680,420,-20,20,234
660,440,-20,20,239
640,460,-20,20,248
620,480,-20,20,253
600,500,-20,20,263
580,520,-20,20,268
560,540,-20,20,271
540,560,-20,20,272
540,560,-20,-20,273
520,540,-20,-20,275
500,520,-20,-20,275
480,500,-20,-20,275
460,480,-20,-20,275
440,460,-20,-20,275
420,440,-20,-20,275
400,420,-20,-20,275
380,400,-20,-20,275
360,380,-20,-20,275
340,360,-20,-20,275
320,340,-20,-20,275
300,320,-20,-20,275
280,300,-20,-20,275
260,280,-20,-20,275
240,260,-20,-20,275
220,240,-20,-20,275
200,220,-20,-20,275
180,200,-20,-20,275
160,180,-20,-20,275
140,160,-20,-20,275
120,140,-20,-20,275
100,120,-20,-20,275
80,100,-20,-20,275
60,80,-20,-20,275
40,60,-20,-20,275
40,60,20,-20,275
60,40,20,-20,275
60,40,20,20,276
80,60,20,20,276
100,80,20,20,276
120,100,20,20,276
140,120,20,20,276
160,140,20,20,276
180,160,20,20,276
200,180,20,20,276
220,200,20,20,276
240,220,20,20,276
260,240,20,20,276
280,260,20,20,276
300,280,20,20,276
320,300,20,20,276
340,320,20,20,276
360,340,20,20,276
380,360,20,20,276
400,380,20,20,276
420,400,20,20,276
440,420,20,20,276
460,440,20,20,276
480,460,20,20,276
500,480,20,20,276
520,500,20,20,276
540,520,20,20,276
560,540,20,20,276
580,560,20,20,276
580,560,20,-20,276
600,540,20,-20,275
620,520,20,-20,273
640,500,20,-20,271
660,480,20,-20,269
680,460,20,-20,265
700,440,20,-20,262
720,420,20,-20,258
740,400,20,-20,254
760,380,20,-20,246
780,360,20,-20,233
800,340,20,-20,215
820,320,20,-20,198
840,300,20,-20,181
860,280,20,-20,172
880,260,20,-20,171
900,240,20,-20,171
920,220,20,-20,171
940,200,20,-20,171
960,180,20,-20,171
980,160,20,-20,171
1000,140,20,-20,171
1020,120,20,-20,171
1040,100,20,-20,171
1060,80,20,-20,171
1080,60,20,-20,171
1100,40,20,-20,171
1100,40,20,20,171
1120,60,20,20,171
1140,80,20,20,171
1160,100,20,20,171
1180,120,20,20,171
1180,120,-20,20,171
1160,140,-20,20,171
1140,160,-20,20,171
1120,180,-20,20,171
1100,200,-20,20,171
1080,220,-20,20,171
1060,240,-20,20,171
1040,260,-20,20,171
1020,280,-20,20,173
1000,300,-20,20,175
980,320,-20,20,175
960,340,-20,20,175
940,360,-20,20,176
920,380,-20,20,176
900,400,-20,20,176
880,420,-20,20,177
860,440,-20,20,177
840,460,-20,20,177
820,480,-20,20,177
800,500,-20,20,179
780,520,-20,20,180
760,540,-20,20,180
740,560,-20,20,180
740,560,-20,-20,180
720,540,-20,-20,180
700,520,-20,-20,180
680,500,-20,-20,180
660,480,-20,-20,180
640,460,-20,-20,180
620,440,-20,-20,180
600,420,-20,-20,180
580,400,-20,-20,180
560,380,-20,-20,180
540,360,-20,-20,180
520,340,-20,-20,180
500,320,-20,-20,180
480,300,-20,-20,180
460,280,-20,-20,180
440,260,-20,-20,180
420,240,-20,-20,180
400,220,-20,-20,180
380,200,-20,-20,180
360,180,-20,-20,180
340,160,-20,-20,180
320,140,-20,-20,180
300,120,-20,-20,180
280,100,-20,-20,180
260,80,-20,-20,180
240,60,-20,-20,180
220,40,-20,-20,180
220,40,-20,20,180
200,60,-20,20,180
180,80,-20,20,180
160,100,-20,20,180
140,120,-20,20,180
120,140,-20,20,180
100,160,-20,20,180
80,180,-20,20,180
60,200,-20,20,180
40,220,-20,20,180
40,220,20,20,180
60,240,20,20,180
80,260,20,20,180
100,280,20,20,180
120,300,20,20,180
140,320,20,20,180
160,340,20,20,180
180,360,20,20,180
200,380,20,20,180
220,400,20,20,180
240,420,20,20,180
260,440,20,20,180
280,460,20,20,180
300,480,20,20,180
320,500,20,20,180
340,520,20,20,180
360,540,20,20,180
380,560,20,20,180
380,560,20,-20,180
400,540,20,-20,180
420,520,20,-20,180
440,500,20,-20,180
460,480,20,-20,180
480,460,20,-20,180
500,440,20,-20,180
520,420,20,-20,180
540,400,20,-20,180
560,380,20,-20,180
580,360,20,-20,180
600,340,20,-20,180
620,320,20,-20,180
640,300,20,-20,180
660,280,20,-20,180
680,260,20,-20,180
700,240,20,-20,180
720,220,20,-20,180
740,200,20,-20,180
760,180,20,-20,180
780,160,20,-20,180
800,140,20,-20,180
820,120,20,-20,180
840,100,20,-20,180
860,80,20,-20,180
880,60,20,-20,180
900,40,20,-20,180
900,40,20,20,180
920,60,20,20,180
940,80,20,20,180
960,100,20,20,180
980,120,20,20,180
1000,140,20,20,180
1020,160,20,20,180
1040,180,20,20,180
1060,200,20,20,180
1080,220,20,20,180
1100,240,20,20,180
1120,260,20,20,180
1140,280,20,20,180
1160,300,20,20,198
1180,320,20,20,213
1200,340,20,20,276
1200,340,-20,20,323
1200,340,20,20,397
1220,360,20,20,438
1240,380,20,20,493
1260,400,20,20,516
1280,420,20,20,524
1300,440,20,20,524
1320,460,20,20,524
1320,460,-20,20,524
1320,460,20,20,520
1320,460,-20,20,514
1320,460,20,20,510
1320,460,-20,20,508
1320,460,20,20,507
1320,460,-20,20,507
1320,460,20,20,504
1320,460,-20,20,502
1320,460,20,20,501
1320,460,-20,20,500
1320,460,20,20,500
1320,460,-20,20,499
1320,460,20,20,498
1320,460,-20,20,498
1320,460,20,20,498
1320,460,-20,20,496
1320,460,20,20,491
1320,460,-20,20,484
1320,460,20,20,479
1320,460,-20,20,478
1320,460,20,20,474
1320,460,-20,20,469
1320,460,20,20,462
1320,460,-20,20,443
1300,480,-20,20,401
1280,500,-20,20,314
1260,520,-20,20,286
1240,540,-20,20,259
1220,560,-20,20,250
1220,560,-20,-20,242
1200,540,-20,-20,238
1180,520,-20,-20,236
1160,500,-20,-20,234
1140,480,-20,-20,232
1120,460,-20,-20,232
1100,440,-20,-20,232
1080,420,-20,-20,232
1060,400,-20,-20,232
1040,380,-20,-20,232
1020,360,-20,-20,232
1000,340,-20,-20,232
980,320,-20,-20,232
960,300,-20,-20,232
940,280,-20,-20,232
920,260,-20,-20,232
900,240,-20,-20,232
880,220,-20,-20,232
860,200,-20,-20,232
840,180,-20,-20,232
820,160,-20,-20,232
800,140,-20,-20,232
780,120,-20,-20,232
760,100,-20,-20,232
740,80,-20,-20,232
720,60,-20,-20,233
700,40,-20,-20,233
700,40,-20,20,233
680,60,-20,20,233
660,80,-20,20,233
640,100,-20,20,234
620,120,-20,20,235
600,140,-20,20,236
580,160,-20,20,236
560,180,-20,20,238
540,200,-20,20,241
520,220,-20,20,245
500,240,-20,20,248
480,260,-20,20,251
460,280,-20,20,252
440,300,-20,20,252
420,320,-20,20,252
400,340,-20,20,252
380,360,-20,20,252
360,380,-20,20,252
340,400,-20,20,252
320,420,-20,20,252
300,440,-20,20,252
280,460,-20,20,252
260,480,-20,20,252
240,500,-20,20,252
220,520,-20,20,252
200,540,-20,20,252
180,560,-20,20,252
180,560,-20,-20,252
160,540,-20,-20,252
140,520,-20,-20,252
120,500,-20,-20,252
100,480,-20,-20,252
80,460,-20,-20,252
60,440,-20,-20,252
40,420,-20,-20,252
40,420,20,-20,252
60,400,20,-20,252
80,380,20,-20,252
100,360,20,-20,252
120,340,20,-20,252
140,320,20,-20,252
160,300,20,-20,252
180,280,20,-20,252
200,260,20,-20,252
220,240,20,-20,252
240,220,20,-20,252
260,200,20,-20,252
280,180,20,-20,252
300,160,20,-20,252
320,140,20,-20,252
340,120,20,-20,252
360,100,20,-20,252
380,80,20,-20,252
400,60,20,-20,252
420,40,20,-20,252
420,40,20,20,252
440,60,20,20,252
460,80,20,20,252
480,100,20,20,252
500,120,20,20,252
520,140,20,20,252
540,160,20,20,253
560,180,20,20,257
580,200,20,20,260
600,220,20,20,264
620,240,20,20,266
640,260,20,20,274
660,280,20,20,290
680,300,20,20,297
700,320,20,20,303
720,340,20,20,304
740,360,20,20,304
760,380,20,20,304
780,400,20,20,304
800,420,20,20,304
820,440,20,20,302
840,460,20,20,297
860,480,20,20,294
880,500,20,20,289
900,520,20,20,287
920,540,20,20,284
940,560,20,20,281
940,560,20,-20,281
960,540,20,-20,278
980,520,20,-20,275
1000,500,20,-20,271
1020,480,20,-20,268
1040,460,20,-20,265
1060,440,20,-20,265
1080,420,20,-20,265
1100,400,20,-20,265
1120,380,20,-20,265
1140,360,20,-20,265
1160,340,20,-20,265
1180,320,20,-20,265
1180,320,-20,-20,265
1160,300,-20,-20,265
1140,280,-20,-20,265
1120,260,-20,-20,265
1100,240,-20,-20,265
1080,220,-20,-20,265
1060,200,-20,-20,265
1040,180,-20,-20,265
1020,160,-20,-20,265
1000,140,-20,-20,265
980,120,-20,-20,265
960,100,-20,-20,265
940,80,-20,-20,265
920,60,-20,-20,265
900,40,-20,-20,265
900,40,-20,20,265
880,60,-20,20,265
860,80,-20,20,265
840,100,-20,20,265
820,120,-20,20,265
800,140,-20,20,265
780,160,-20,20,265
760,180,-20,20,265
740,200,-20,20,265
720,220,-20,20,265
700,240,-20,20,265
680,260,-20,20,265
660,280,-20,20,265
640,300,-20,20,265
620,320,-20,20,265
600,340,-20,20,265
580,360,-20,20,265
560,380,-20,20,265
540,400,-20,20,265
520,420,-20,20,265
500,440,-20,20,265
480,460,-20,20,265
460,480,-20,20,265
440,500,-20,20,265
420,520,-20,20,265
400,540,-20,20,265
380,560,-20,20,265
380,560,-20,-20,265
360,540,-20,-20,265
340,520,-20,-20,265
320,500,-20,-20,265
300,480,-20,-20,265
280,460,-20,-20,265
260,440,-20,-20,265
240,420,-20,-20,265
220,400,-20,-20,265
200,380,-20,-20,265
180,360,-20,-20,265
160,340,-20,-20,265
140,320,-20,-20,265
120,300,-20,-20,265
100,280,-20,-20,266
80,260,-20,-20,266
60,240,-20,-20,266
40,220,-20,-20,266
40,220,20,-20,266
60,200,20,-20,266
80,180,20,-20,266
100,160,20,-20,266
120,140,20,-20,266
140,120,20,-20,266
160,100,20,-20,266
180,80,20,-20,266
200,60,20,-20,266
220,40,20,-20,266
220,40,20,20,266
240,60,20,20,266
260,80,20,20,266
280,100,20,20,266
300,120,20,20,266
320,140,20,20,266
340,160,20,20,266
360,180,20,20,266
380,200,20,20,266
400,220,20,20,266
420,240,20,20,266
440,260,20,20,266
460,280,20,20,266
480,300,20,20,266
500,320,20,20,266
520,340,20,20,266
540,360,20,20,266
560,380,20,20,266
580,400,20,20,266
600,420,20,20,266
620,440,20,20,266
640,460,20,20,266
660,480,20,20,266
680,500,20,20,266
700,520,20,20,266
720,540,20,20,266
740,560,20,20,263
740,560,20,-20,258
760,540,20,-20,252
780,520,20,-20,247
800,500,20,-20,240
820,480,20,-20,235
840,460,20,-20,228
860,440,20,-20,222
880,420,20,-20,217
900,400,20,-20,206
920,380,20,-20,199
940,360,20,-20,185
960,340,20,-20,177
980,320,20,-20,167
1000,300,20,-20,159
1020,280,20,-20,143
1040,260,20,-20,128
1060,240,20,-20,102
1080,220,20,-20,90
1100,200,20,-20,80
1120,180,20,-20,76
1140,160,20,-20,76
1160,140,20,-20,76
1160,140,-20,-20,76
1140,120,-20,-20,76
1120,100,-20,-20,76
1100,80,-20,-20,76
1080,60,-20,-20,76
1060,40,-20,-20,76
1060,40,-20,20,76
1040,60,-20,20,76
1020,80,-20,20,76
1000,100,-20,20,76
980,120,-20,20,76
960,140,-20,20,76
940,160,-20,20,76
920,180,-20,20,76
900,200,-20,20,76
880,220,-20,20,76
860,240,-20,20,76
840,260,-20,20,76
820,280,-20,20,76
800,300,-20,20,76
780,320,-20,20,76
760,340,-20,20,76
740,360,-20,20,76
720,380,-20,20,76
700,400,-20,20,77
680,420,-20,20,79
660,440,-20,20,80
640,460,-20,20,83
620,480,-20,20,89
600,500,-20,20,98
580,520,-20,20,108
560,540,-20,20,120
540,560,-20,20,136
540,560,-20,-20,151
520,540,-20,-20,161
500,520,-20,-20,168
480,500,-20,-20,180
460,480,-20,-20,191
440,460,-20,-20,196
420,440,-20,-20,197
400,420,-20,-20,198
380,400,-20,-20,199
360,380,-20,-20,199
340,360,-20,-20,199
320,340,-20,-20,199
300,320,-20,-20,199
280,300,-20,-20,199
260,280,-20,-20,199
240,260,-20,-20,199
220,240,-20,-20,199
200,220,-20,-20,199
180,200,-20,-20,199
160,180,-20,-20,199
140,160,-20,-20,199
120,140,-20,-20,199
100,120,-20,-20,199
80,100,-20,-20,199
60,80,-20,-20,199
40,60,-20,-20,199
40,60,20,-20,199
60,40,20,-20,199
60,40,20,20,199
80,60,20,20,199
100,80,20,20,199
120,100,20,20,199
140,120,20,20,199
160,140,20,20,199
180,160,20,20,199
200,180,20,20,199
220,200,20,20,199
240,220,20,20,199
260,240,20,20,199
280,260,20,20,199
300,280,20,20,199
320,300,20,20,199
340,320,20,20,202
360,340,20,20,202
380,360,20,20,202
400,380,20,20,203
420,400,20,20,203
440,420,20,20,203
460,440,20,20,203
480,460,20,20,203
500,480,20,20,203
520,500,20,20,203
540,520,20,20,203
560,540,20,20,203
580,560,20,20,203
580,560,20,-20,203
600,540,20,-20,203
620,520,20,-20,199
640,500,20,-20,193
660,480,20,-20,190
680,460,20,-20,186
700,440,20,-20,182
720,420,20,-20,174
740,400,20,-20,170
760,380,20,-20,167
780,360,20,-20,161
800,340,20,-20,159
820,320,20,-20,159
840,300,20,-20,159
860,280,20,-20,159
880,260,20,-20,159
900,240,20,-20,159
920,220,20,-20,159
940,200,20,-20,159
960,180,20,-20,159
980,160,20,-20,159
1000,140,20,-20,159
1020,120,20,-20,159
1040,100,20,-20,161
1060,80,20,-20,164
1080,60,20,-20,166
1100,40,20,-20,166
1100,40,20,20,166
1120,60,20,20,166
1140,80,20,20,166
1160,100,20,20,166
1160,100,-20,20,166
1140,120,-20,20,166
1120,140,-20,20,166
1100,160,-20,20,166
1080,180,-20,20,165
1060,200,-20,20,165
1040,220,-20,20,165
1020,240,-20,20,165
1000,260,-20,20,165
980,280,-20,20,165
960,300,-20,20,165
940,320,-20,20,165
920,340,-20,20,165
900,360,-20,20,165
880,380,-20,20,165
860,400,-20,20,165
840,420,-20,20,165
820,440,-20,20,165
800,460,-20,20,165
780,480,-20,20,165
760,500,-20,20,165
740,520,-20,20,171
720,540,-20,20,177
700,560,-20,20,179
700,560,-20,-20,179
680,540,-20,-20,179
660,520,-20,-20,179
640,500,-20,-20,179
620,480,-20,-20,179
600,460,-20,-20,179
580,440,-20,-20,179
560,420,-20,-20,179
540,400,-20,-20,179
520,380,-20,-20,179
500,360,-20,-20,179
480,340,-20,-20,179
460,320,-20,-20,179
440,300,-20,-20,179
420,280,-20,-20,179
400,260,-20,-20,179
380,240,-20,-20,179
360,220,-20,-20,179
340,200,-20,-20,179
320,180,-20,-20,179
300,160,-20,-20,179
280,140,-20,-20,179
260,120,-20,-20,179
240,100,-20,-20,179
220,80,-20,-20,179
200,60,-20,-20,179
180,40,-20,-20,179
180,40,-20,20,179
160,60,-20,20,179
140,80,-20,20,179
120,100,-20,20,179
100,120,-20,20,179
80,140,-20,20,179
60,160,-20,20,179
40,180,-20,20,179
40,180,20,20,179
60,200,20,20,179
80,220,20,20,179
100,240,20,20,179
120,260,20,20,179
140,280,20,20,179
160,300,20,20,179
180,320,20,20,179
200,340,20,20,179
220,360,20,20,179
240,380,20,20,179
260,400,20,20,179
280,420,20,20,179
300,440,20,20,179
320,460,20,20,179
340,480,20,20,179
360,500,20,20,179
380,520,20,20,179
400,540,20,20,179
420,560,20,20,179
420,560,20,-20,179
440,540,20,-20,179
460,520,20,-20,179
480,500,20,-20,177
500,480,20,-20,173
520,460,20,-20,171
540,440,20,-20,167
560,420,20,-20,164
580,400,20,-20,162
600,380,20,-20,161
620,360,20,-20,160
640,340,20,-20,159
660,320,20,-20,157
680,300,20,-20,156
700,280,20,-20,156
720,260,20,-20,156
740,240,20,-20,156
760,220,20,-20,156
780,200,20,-20,156
800,180,20,-20,156
820,160,20,-20,156
840,140,20,-20,156
860,120,20,-20,156
880,100,20,-20,156
900,80,20,-20,156
920,60,20,-20,156
940,40,20,-20,156
940,40,20,20,156
960,60,20,20,156
980,80,20,20,160
1000,100,20,20,165
1020,120,20,20,172
1040,140,20,20,178
1060,160,20,20,189
1080,180,20,20,200
1100,200,20,20,208
1120,220,20,20,209
1140,240,20,20,209
1160,260,20,20,212
1180,280,20,20,220
1200,300,20,20,246
1200,300,-20,20,279
1200,300,20,20,311
1200,300,-20,20,326
1200,300,20,20,330
1200,300,-20,20,330
1200,300,20,20,330
1200,300,-20,20,330
1200,300,20,20,330
1200,300,-20,20,329
1200,300,20,20,329
1200,300,-20,20,329
1200,300,20,20,328
1200,300,-20,20,324
1200,300,20,20,321
1200,300,-20,20,320
1200,300,20,20,319
1200,300,-20,20,319
1200,300,20,20,317
1200,300,-20,20,313
1200,300,20,20,306
1200,300,-20,20,296
1200,300,20,20,286
1200,300,-20,20,277
1200,300,20,20,276
1200,300,-20,20,276
1200,300,20,20,276
1200,300,-20,20,273
1180,320,-20,20,263
1160,340,-20,20,250
1140,360,-20,20,225
1120,380,-20,20,213
1100,400,-20,20,201
1080,420,-20,20,198
1060,440,-20,20,198
1040,460,-20,20,198
1020,480,-20,20,198
1000,500,-20,20,198
980,520,-20,20,198
960,540,-20,20,198
940,560,-20,20,198
940,560,-20,-20,198
920,540,-20,-20,198
900,520,-20,-20,198
880,500,-20,-20,198
860,480,-20,-20,198
840,460,-20,-20,198
820,440,-20,-20,198
800,420,-20,-20,198
780,400,-20,-20,198
760,380,-20,-20,198
740,360,-20,-20,198
720,340,-20,-20,198
700,320,-20,-20,198
680,300,-20,-20,198
660,280,-20,-20,198
640,260,-20,-20,198
620,240,-20,-20,199
600,220,-20,-20,201
580,200,-20,-20,202
560,180,-20,-20,204
540,160,-20,-20,205
520,140,-20,-20,206
500,120,-20,-20,206
480,100,-20,-20,206
460,80,-20,-20,207
440,60,-20,-20,207
420,40,-20,-20,207
420,40,-20,20,207
400,60,-20,20,207
380,80,-20,20,207
360,100,-20,20,207
340,120,-20,20,207
320,140,-20,20,207
300,160,-20,20,207
280,180,-20,20,208
260,200,-20,20,208
240,220,-20,20,208
220,240,-20,20,209
200,260,-20,20,209
180,280,-20,20,209
160,300,-20,20,209
140,320,-20,20,209
120,340,-20,20,209
100,360,-20,20,209
80,380,-20,20,209
60,400,-20,20,209
40,420,-20,20,209
40,420,20,20,209
60,440,20,20,209
80,460,20,20,209
100,480,20,20,209
120,500,20,20,209
140,520,20,20,209
160,540,20,20,209
180,560,20,20,209
180,560,20,-20,209
200,540,20,-20,209
220,520,20,-20,209
240,500,20,-20,209
260,480,20,-20,209
280,460,20,-20,209
300,440,20,-20,209
320,420,20,-20,209
340,400,20,-20,209
360,380,20,-20,209
380,360,20,-20,209
400,340,20,-20,209
420,320,20,-20,209
440,300,20,-20,209
460,280,20,-20,209
480,260,20,-20,209
500,240,20,-20,209
520,220,20,-20,209
540,200,20,-20,209
560,180,20,-20,209
580,160,20,-20,209
600,140,20,-20,209
620,120,20,-20,209
640,100,20,-20,209
660,80,20,-20,209
680,60,20,-20,209
700,40,20,-20,209
700,40,20,20,214
720,60,20,20,219
740,80,20,20,229
760,100,20,20,237
780,120,20,20,251
800,140,20,20,268
820,160,20,20,275
840,180,20,20,285
860,200,20,20,292
880,220,20,20,307
900,240,20,20,314
920,260,20,20,327
940,280,20,20,334
960,300,20,20,351
980,320,20,20,365
1000,340,20,20,393
1020,360,20,20,408
1040,380,20,20,435
1060,400,20,20,444
1080,420,20,20,453
1100,440,20,20,456
1120,460,20,20,459
1140,480,20,20,464
1160,500,20,20,474
1160,500,-20,20,503
1140,520,-20,20,522
1120,540,-20,20,522
1100,560,-20,20,522
1100,560,-20,-20,522
1080,540,-20,-20,522
1060,520,-20,-20,522
1040,500,-20,-20,522
1020,480,-20,-20,522
1000,460,-20,-20,522
980,440,-20,-20,522
960,420,-20,-20,522
940,400,-20,-20,522
920,380,-20,-20,527
900,360,-20,-20,522
880,340,-20,-20,511
860,320,-20,-20,502
840,300,-20,-20,490
820,280,-20,-20,478
800,260,-20,-20,469
780,240,-20,-20,463
760,220,-20,-20,457
740,200,-20,-20,451
720,180,-20,-20,446
700,160,-20,-20,441
680,140,-20,-20,434
660,120,-20,-20,430
640,100,-20,-20,425
620,80,-20,-20,420
600,60,-20,-20,412
580,40,-20,-20,406
580,40,-20,20,400
560,60,-20,20,391
540,80,-20,20,387
520,100,-20,20,377
500,120,-20,20,369
480,140,-20,20,362
460,160,-20,20,358
440,180,-20,20,355
420,200,-20,20,352
400,220,-20,20,348
380,240,-20,20,346
360,260,-20,20,340
340,280,-20,20,336
320,300,-20,20,331
300,320,-20,20,327
280,340,-20,20,326
260,360,-20,20,326
240,380,-20,20,326
220,400,-20,20,326
200,420,-20,20,326
180,440,-20,20,324
160,460,-20,20,323
140,480,-20,20,323
120,500,-20,20,321
100,520,-20,20,321
80,540,-20,20,320
60,560,-20,20,320
60,560,-20,-20,320
40,540,-20,-20,319
40,540,20,-20,319
60,520,20,-20,319
80,500,20,-20,318
100,480,20,-20,318
120,460,20,-20,317
140,440,20,-20,316
160,420,20,-20,316
180,400,20,-20,315
200,380,20,-20,315
220,360,20,-20,314
240,340,20,-20,314
260,320,20,-20,314
280,300,20,-20,314
300,280,20,-20,314
320,260,20,-20,314
340,240,20,-20,314
360,220,20,-20,314
380,200,20,-20,314
400,180,20,-20,314
420,160,20,-20,314
440,140,20,-20,314
460,120,20,-20,314
480,100,20,-20,314
500,80,20,-20,314
520,60,20,-20,314
540,40,20,-20,314
540,40,20,20,314
560,60,20,20,314
580,80,20,20,314
600,100,20,20,314
620,120,20,20,314
640,140,20,20,314
660,160,20,20,314
680,180,20,20,314
700,200,20,20,314
720,220,20,20,314
740,240,20,20,314
760,260,20,20,314
780,280,20,20,314
800,300,20,20,314
820,320,20,20,314
840,340,20,20,314
860,360,20,20,314
880,380,20,20,314
900,400,20,20,314
920,420,20,20,314
940,440,20,20,314
960,460,20,20,314
980,480,20,20,316
1000,500,20,20,319
1020,520,20,20,332
1040,540,20,20,342
1060,560,20,20,356
1060,560,20,-20,374
1080,540,20,-20,391
1100,520,20,-20,414
1120,500,20,-20,439
1140,480,20,-20,439
1160,460,20,-20,439
1160,460,-20,-20,439
1140,440,-20,-20,439
1120,420,-20,-20,439
1100,400,-20,-20,439
1080,380,-20,-20,439
1060,360,-20,-20,439
1040,340,-20,-20,439
1020,320,-20,-20,439
1000,300,-20,-20,439
980,280,-20,-20,439
960,260,-20,-20,439
940,240,-20,-20,439
920,220,-20,-20,439
900,200,-20,-20,439
880,180,-20,-20,439
860,160,-20,-20,485
840,140,-20,-20,476
820,120,-20,-20,463
800,100,-20,-20,456
780,80,-20,-20,448
760,60,-20,-20,440
740,40,-20,-20,435
740,40,-20,20,434
720,60,-20,20,434
700,80,-20,20,434
680,100,-20,20,434
660,120,-20,20,434
640,140,-20,20,434
620,160,-20,20,434
600,180,-20,20,434
580,200,-20,20,434
560,220,-20,20,434
540,240,-20,20,434
520,260,-20,20,434
500,280,-20,20,434
480,300,-20,20,434
460,320,-20,20,434
440,340,-20,20,434
420,360,-20,20,434
400,380,-20,20,434
380,400,-20,20,434
360,420,-20,20,434
340,440,-20,20,434
320,460,-20,20,434
300,480,-20,20,434
280,500,-20,20,433
260,520,-20,20,432
240,540,-20,20,432
220,560,-20,20,432
220,560,-20,-20,432
200,540,-20,-20,432
180,520,-20,-20,432
160,500,-20,-20,432
140,480,-20,-20,432
120,460,-20,-20,432
100,440,-20,-20,432
80,420,-20,-20,432
60,400,-20,-20,431
40,380,-20,-20,431
40,380,20,-20,431
60,360,20,-20,431
80,340,20,-20,431
100,320,20,-20,431
120,300,20,-20,431
140,280,20,-20,431
160,260,20,-20,431
180,240,20,-20,431
200,220,20,-20,431
220,200,20,-20,431
240,180,20,-20,431
260,160,20,-20,431
280,140,20,-20,431
300,120,20,-20,431
320,100,20,-20,431
340,80,20,-20,431
360,60,20,-20,431
380,40,20,-20,431
380,40,20,20,431
400,60,20,20,431
420,80,20,20,431
440,100,20,20,431
460,120,20,20,431
480,140,20,20,431
500,160,20,20,428
520,180,20,20,423
540,200,20,20,418
560,220,20,20,407
580,240,20,20,401
600,260,20,20,390
620,280,20,20,379
640,300,20,20,369
660,320,20,20,365
680,340,20,20,362
700,360,20,20,361
720,380,20,20,361
740,400,20,20,361
760,420,20,20,361
780,440,20,20,361
800,460,20,20,361
820,480,20,20,361
840,500,20,20,361
860,520,20,20,361
880,540,20,20,366
900,560,20,20,377
900,560,20,-20,387
920,540,20,-20,390
940,520,20,-20,392
960,500,20,-20,397
980,480,20,-20,398
1000,460,20,-20,398
1020,440,20,-20,400
1040,420,20,-20,401
1060,400,20,-20,401
1080,380,20,-20,401
1100,360,20,-20,406
1120,340,20,-20,413
1140,320,20,-20,418
1160,300,20,-20,418
1180,280,20,-20,406
1200,260,20,-20,348
1220,240,20,-20,295
1220,240,-20,-20,250
1220,240,20,-20,201
1220,240,-20,-20,179
1220,240,20,-20,178
1220,240,-20,-20,179
1220,240,20,-20,183
1220,240,-20,-20,184
1220,240,20,-20,185
1220,240,-20,-20,189
1220,240,20,-20,198
1220,240,-20,-20,207
1220,240,20,-20,219
1220,240,-20,-20,228
1220,240,20,-20,237
1220,240,-20,-20,244
1220,240,20,-20,251
1240,220,20,-20,271
1260,200,20,-20,286
1280,180,20,-20,303
1300,160,20,-20,320
1320,140,20,-20,341
1340,120,20,-20,352
1360,100,20,-20,354
1380,80,20,-20,354
1400,60,20,-20,357
1420,40,20,-20,359
1420,40,20,20,362
1160,300,-20,20,300
1140,320,-20,20,378
1120,340,-20,20,386
1100,360,-20,20,387
1080,380,-20,20,386
1060,400,-20,20,379
1040,420,-20,20,354
1020,440,-20,20,323
1000,460,-20,20,284
980,480,-20,20,256
960,500,-20,20,235
940,520,-20,20,225
920,540,-20,20,222
900,560,-20,20,220
900,560,-20,-20,220
880,540,-20,-20,219
860,520,-20,-20,219
840,500,-20,-20,219
820,480,-20,-20,219
800,460,-20,-20,219
780,440,-20,-20,219
760,420,-20,-20,219
740,400,-20,-20,219
720,380,-20,-20,219
700,360,-20,-20,219
680,340,-20,-20,222
660,320,-20,-20,229
640,300,-20,-20,231
620,280,-20,-20,235
600,260,-20,-20,238
580,240,-20,-20,241
560,220,-20,-20,243
540,200,-20,-20,246
520,180,-20,-20,248
500,160,-20,-20,249
480,140,-20,-20,250
460,120,-20,-20,251
440,100,-20,-20,251
420,80,-20,-20,251
400,60,-20,-20,251
380,40,-20,-20,251
380,40,-20,20,251
360,60,-20,20,251
340,80,-20,20,251
320,100,-20,20,251
300,120,-20,20,251
280,140,-20,20,251
260,160,-20,20,251
240,180,-20,20,251
220,200,-20,20,251
200,220,-20,20,251
180,240,-20,20,251
160,260,-20,20,251
140,280,-20,20,251
120,300,-20,20,251
100,320,-20,20,251
80,340,-20,20,251
60,360,-20,20,251
40,380,-20,20,251
40,380,20,20,251
60,400,20,20,251
80,420,20,20,251
100,440,20,20,251
120,460,20,20,251
140,480,20,20,251
160,500,20,20,251
180,520,20,20,251
200,540,20,20,251
220,560,20,20,251
220,560,20,-20,248
240,540,20,-20,247
260,520,20,-20,246
280,500,20,-20,243
300,480,20,-20,240
320,460,20,-20,238
340,440,20,-20,236
360,420,20,-20,234
380,400,20,-20,231
400,380,20,-20,223
420,360,20,-20,220
440,340,20,-20,215
460,320,20,-20,212
480,300,20,-20,209
500,280,20,-20,209
520,260,20,-20,209
540,240,20,-20,209
560,220,20,-20,209
580,200,20,-20,209
600,180,20,-20,209
620,160,20,-20,209
640,140,20,-20,209
660,120,20,-20,213
680,100,20,-20,216
700,80,20,-20,222
720,60,20,-20,225
740,40,20,-20,227
740,40,20,20,231
760,60,20,20,235
780,80,20,20,240
800,100,20,20,242
820,120,20,20,245
840,140,20,20,248
860,160,20,20,251
880,180,20,20,253
900,200,20,20,258
920,220,20,20,270
940,240,20,20,293
960,260,20,20,318
980,280,20,20,346
1000,300,20,20,370
1020,320,20,20,394
1040,340,20,20,418
1060,360,20,20,453
1080,380,20,20,453
1100,400,20,20,528
1120,420,20,20,528
1140,440,20,20,528
1160,460,20,20,528
1160,460,-20,20,528
1140,480,-20,20,528
1120,500,-20,20,528
1100,520,-20,20,528
1080,540,-20,20,528
1060,560,-20,20,528
1060,560,-20,-20,528
1040,540,-20,-20,528
1020,520,-20,-20,528
1000,500,-20,-20,528
980,480,-20,-20,528
960,460,-20,-20,528
940,440,-20,-20,528
920,420,-20,-20,528
900,400,-20,-20,528
880,380,-20,-20,528
860,360,-20,-20,528
840,340,-20,-20,528
820,320,-20,-20,528
800,300,-20,-20,528
780,280,-20,-20,528
760,260,-20,-20,518
740,240,-20,-20,500
720,220,-20,-20,493
700,200,-20,-20,478
680,180,-20,-20,467
660,160,-20,-20,462
640,140,-20,-20,456
620,120,-20,-20,450
600,100,-20,-20,435
580,80,-20,-20,427
560,60,-20,-20,413
540,40,-20,-20,404
540,40,-20,20,393
520,60,-20,20,389
500,80,-20,20,379
480,100,-20,20,375
460,120,-20,20,369
440,140,-20,20,363
420,160,-20,20,357
400,180,-20,20,354
380,200,-20,20,350
360,220,-20,20,343
340,240,-20,20,339
320,260,-20,20,335
300,280,-20,20,331
280,300,-20,20,327
260,320,-20,20,325
240,340,-20,20,322
220,360,-20,20,319
200,380,-20,20,317
180,400,-20,20,313
160,420,-20,20,310
140,440,-20,20,308
120,460,-20,20,307
100,480,-20,20,304
80,500,-20,20,302
60,520,-20,20,298
40,540,-20,20,293
40,540,20,20,287
60,560,20,20,283
60,560,20,-20,281
80,540,20,-20,278
100,520,20,-20,277
120,500,20,-20,276
140,480,20,-20,275
160,460,20,-20,274
180,440,20,-20,272
200,420,20,-20,271
220,400,20,-20,270
240,380,20,-20,268
260,360,20,-20,266
280,340,20,-20,264
300,320,20,-20,263
320,300,20,-20,259
340,280,20,-20,256
360,260,20,-20,253
380,240,20,-20,250
400,220,20,-20,247
420,200,20,-20,246
440,180,20,-20,245
460,160,20,-20,245
480,140,20,-20,245
500,120,20,-20,245
520,100,20,-20,245
540,80,20,-20,245
560,60,20,-20,245
580,40,20,-20,245
580,40,20,20,245
600,60,20,20,246
620,80,20,20,250
640,100,20,20,251
660,120,20,20,256
680,140,20,20,260
700,160,20,20,267
720,180,20,20,271
740,200,20,20,279
760,220,20,20,294
780,240,20,20,305
800,260,20,20,318
820,280,20,20,328
840,300,20,20,334
860,320,20,20,344
880,340,20,20,359
900,360,20,20,395
920,380,20,20,440
940,400,20,20,472
960,420,20,20,498
980,440,20,20,501
1000,460,20,20,501
1020,480,20,20,501
1040,500,20,20,498
1060,520,20,20,487
1080,540,20,20,473
1100,560,20,20,443
1100,560,20,-20,427
1120,540,20,-20,410
1140,520,20,-20,407
1160,500,20,-20,407
1180,480,20,-20,407
1200,460,20,-20,407
1200,460,-20,-20,409
1200,460,20,-20,412
1200,460,-20,-20,412
1200,460,20,-20,413
1200,460,-20,-20,416
1200,460,20,-20,421
1200,460,-20,-20,423
1200,460,20,-20,423
1200,460,-20,-20,423
1200,460,20,-20,423
1200,460,-20,-20,423
1200,460,20,-20,423
1200,460,-20,-20,423
1200,460,20,-20,423
1200,460,-20,-20,424
1200,460,20,-20,427
1200,460,-20,-20,440
1200,460,20,-20,457
1200,460,-20,-20,484
1180,440,-20,-20,497
1160,420,-20,-20,512
1140,400,-20,-20,517
1120,380,-20,-20,520
1100,360,-20,-20,520
1080,340,-20,-20,516
1060,320,-20,-20,512
1040,300,-20,-20,505
1020,280,-20,-20,503
1000,260,-20,-20,497
980,240,-20,-20,496
960,220,-20,-20,492
940,200,-20,-20,483
920,180,-20,-20,471
900,160,-20,-20,453
880,140,-20,-20,421
860,120,-20,-20,386
840,100,-20,-20,368
820,80,-20,-20,351
800,60,-20,-20,338
780,40,-20,-20,328
780,40,-20,20,320
760,60,-20,20,308
740,80,-20,20,297
720,100,-20,20,289
700,120,-20,20,283
680,140,-20,20,275
660,160,-20,20,274
640,180,-20,20,274
620,200,-20,20,274
600,220,-20,20,274
580,240,-20,20,274
560,260,-20,20,274
540,280,-20,20,274
520,300,-20,20,274
500,320,-20,20,274
480,340,-20,20,274
460,360,-20,20,274
440,380,-20,20,274
420,400,-20,20,274
400,420,-20,20,274
380,440,-20,20,274
360,460,-20,20,274
340,480,-20,20,274
320,500,-20,20,274
300,520,-20,20,274
280,540,-20,20,274
260,560,-20,20,274
260,560,-20,-20,274
240,540,-20,-20,274
220,520,-20,-20,274
200,500,-20,-20,274
180,480,-20,-20,274
160,460,-20,-20,274
140,440,-20,-20,274
120,420,-20,-20,274
100,400,-20,-20,274
80,380,-20,-20,274
60,360,-20,-20,274
40,340,-20,-20,274
40,340,20,-20,274
60,320,20,-20,274
80,300,20,-20,273
100,280,20,-20,272
120,260,20,-20,271
140,240,20,-20,270
160,220,20,-20,268
180,200,20,-20,268
200,180,20,-20,268
220,160,20,-20,268
240,140,20,-20,268
260,120,20,-20,268
280,100,20,-20,268
300,80,20,-20,268
320,60,20,-20,268
340,40,20,-20,268
340,40,20,20,268
360,60,20,20,268
380,80,20,20,268
400,100,20,20,268
420,120,20,20,268
440,140,20,20,268
460,160,20,20,268
480,180,20,20,268
500,200,20,20,268
520,220,20,20,268
540,240,20,20,268
560,260,20,20,268
580,280,20,20,268
600,300,20,20,268
620,320,20,20,268
640,340,20,20,266
660,360,20,20,263
680,380,20,20,262
700,400,20,20,261
720,420,20,20,260
740,440,20,20,259
760,460,20,20,259
780,480,20,20,259
800,500,20,20,259
820,520,20,20,259
840,540,20,20,259
860,560,20,20,259
860,560,20,-20,259
880,540,20,-20,259
900,520,20,-20,260
920,500,20,-20,262
940,480,20,-20,262
960,460,20,-20,262
980,440,20,-20,262
1000,420,20,-20,263
1020,400,20,-20,263
1040,380,20,-20,263
1060,360,20,-20,263
1080,340,20,-20,263
1100,320,20,-20,263
1120,300,20,-20,257
1140,280,20,-20,243
1160,260,20,-20,226
1160,260,-20,-20,198
1140,240,-20,-20,186
1120,220,-20,-20,184
1100,200,-20,-20,184
1080,180,-20,-20,184
1060,160,-20,-20,184
1040,140,-20,-20,184
1020,120,-20,-20,185
1000,100,-20,-20,186
980,80,-20,-20,189
960,60,-20,-20,191
940,40,-20,-20,193
940,40,-20,20,193
920,60,-20,20,194
900,80,-20,20,194
880,100,-20,20,194
860,120,-20,20,194
840,140,-20,20,194
820,160,-20,20,194
800,180,-20,20,194
780,200,-20,20,194
760,220,-20,20,194
740,240,-20,20,198
720,260,-20,20,201
700,280,-20,20,211
680,300,-20,20,217
660,320,-20,20,226
640,340,-20,20,230
620,360,-20,20,233
600,380,-20,20,234
580,400,-20,20,237
560,420,-20,20,239
540,440,-20,20,243
520,460,-20,20,248
500,480,-20,20,256
480,500,-20,20,260
460,520,-20,20,260
440,540,-20,20,260
420,560,-20,20,260
420,560,-20,-20,260
400,540,-20,-20,260
380,520,-20,-20,260
360,500,-20,-20,260
340,480,-20,-20,260
320,460,-20,-20,260
300,440,-20,-20,260
280,420,-20,-20,260
260,400,-20,-20,260
240,380,-20,-20,260
220,360,-20,-20,260
200,340,-20,-20,260
180,320,-20,-20,260
160,300,-20,-20,260
140,280,-20,-20,260
120,260,-20,-20,260
100,240,-20,-20,260
80,220,-20,-20,260
60,200,-20,-20,260
40,180,-20,-20,260
40,180,20,-20,260
60,160,20,-20,260
80,140,20,-20,260
100,120,20,-20,260
120,100,20,-20,260
140,80,20,-20,260
160,60,20,-20,260
180,40,20,-20,260
180,40,20,20,260
200,60,20,20,260
220,80,20,20,260
240,100,20,20,260
260,120,20,20,260
280,140,20,20,260
300,160,20,20,260
320,180,20,20,260
340,200,20,20,260
360,220,20,20,260
380,240,20,20,260
400,260,20,20,260
420,280,20,20,260
440,300,20,20,260
460,320,20,20,260
480,340,20,20,260
500,360,20,20,260
520,380,20,20,260
540,400,20,20,258
560,420,20,20,257
580,440,20,20,256
600,460,20,20,254
620,480,20,20,251
640,500,20,20,247
660,520,20,20,244
680,540,20,20,241
700,560,20,20,239
700,560,20,-20,236
720,540,20,-20,233
740,520,20,-20,231
760,500,20,-20,229
780,480,20,-20,226
800,460,20,-20,220
820,440,20,-20,216
840,420,20,-20,207
860,400,20,-20,200
880,380,20,-20,191
900,360,20,-20,185
920,340,20,-20,179
940,320,20,-20,172
960,300,20,-20,168
980,280,20,-20,162
1000,260,20,-20,154
1020,240,20,-20,148
1040,220,20,-20,143
1060,200,20,-20,140
1080,180,20,-20,139
1100,160,20,-20,139
1120,140,20,-20,139
1140,120,20,-20,139
1160,100,20,-20,139
1180,80,20,-20,139
1200,60,20,-20,139
1220,40,20,-20,139
1220,40,20,20,139
1240,60,20,20,139
1260,80,20,20,139
1260,80,-20,20,139
1260,80,20,20,139
1260,80,-20,20,139
1260,80,20,20,139
1260,80,-20,20,139
1260,80,20,20,140
1260,80,-20,20,141
1260,80,20,20,142
1260,80,-20,20,143
1260,80,20,20,144
1260,80,-20,20,146
1260,80,20,20,148
1260,80,-20,20,149
1260,80,20,20,149
1260,80,-20,20,149
1260,80,20,20,149
1260,80,-20,20,149
1260,80,20,20,149
1260,80,-20,20,139
1260,80,20,20,116
1260,80,-20,20,101
1260,80,20,20,86
1260,80,-20,20,77
1260,80,20,20,77
1260,80,-20,20,77
1260,80,20,20,77
1260,80,-20,20,77
1260,80,20,20,77
1260,80,-20,20,77
1260,80,20,20,77
1260,80,-20,20,77
1260,80,20,20,77
1260,80,-20,20,77
1260,80,20,20,77
1260,80,-20,20,77
1260,80,20,20,77
1260,80,-20,20,97
1240,100,-20,20,154
1220,120,-20,20,196
1200,140,-20,20,264
1180,160,-20,20,295
1160,180,-20,20,326
1140,200,-20,20,331
1120,220,-20,20,335
1100,240,-20,20,338
1080,260,-20,20,343
1060,280,-20,20,349
1040,300,-20,20,359
1020,320,-20,20,367
1000,340,-20,20,371
980,360,-20,20,372
960,380,-20,20,373
940,400,-20,20,373
920,420,-20,20,373
900,440,-20,20,373
880,460,-20,20,373
860,480,-20,20,370
840,500,-20,20,359
820,520,-20,20,340
800,540,-20,20,329
780,560,-20,20,309
780,560,-20,-20,296
760,540,-20,-20,280
740,520,-20,-20,272
720,500,-20,-20,260
700,480,-20,-20,250
680,460,-20,-20,243
660,440,-20,-20,233
640,420,-20,-20,225
620,400,-20,-20,218
600,380,-20,-20,215
580,360,-20,-20,211
560,340,-20,-20,210
540,320,-20,-20,210
520,300,-20,-20,210
500,280,-20,-20,210
480,260,-20,-20,210
460,240,-20,-20,210
440,220,-20,-20,210
420,200,-20,-20,210
400,180,-20,-20,210
380,160,-20,-20,210
360,140,-20,-20,210
340,120,-20,-20,210
320,100,-20,-20,210
300,80,-20,-20,210
280,60,-20,-20,210
260,40,-20,-20,210
260,40,-20,20,210
240,60,-20,20,210
220,80,-20,20,210
200,100,-20,20,210
180,120,-20,20,210
160,140,-20,20,210
140,160,-20,20,210
120,180,-20,20,210
100,200,-20,20,210
80,220,-20,20,210
60,240,-20,20,210
40,260,-20,20,210
40,260,20,20,210
60,280,20,20,210
80,300,20,20,208
100,320,20,20,202
120,340,20,20,193
140,360,20,20,183
160,380,20,20,172
180,400,20,20,168
200,420,20,20,164
220,440,20,20,161
240,460,20,20,151
260,480,20,20,144
280,500,20,20,139
300,520,20,20,135
320,540,20,20,132
340,560,20,20,129
340,560,20,-20,127
360,540,20,-20,124
380,520,20,-20,121
400,500,20,-20,117
420,480,20,-20,115
440,460,20,-20,111
460,440,20,-20,108
480,420,20,-20,107
500,400,20,-20,107
520,380,20,-20,106
540,360,20,-20,106
560,340,20,-20,106
580,320,20,-20,106
600,300,20,-20,106
620,280,20,-20,107
640,260,20,-20,111
660,240,20,-20,119
680,220,20,-20,127
700,200,20,-20,136
720,180,20,-20,146
740,160,20,-20,156
760,140,20,-20,159
780,120,20,-20,159
800,100,20,-20,159
820,80,20,-20,159
840,60,20,-20,159
860,40,20,-20,159
860,40,20,20,159
880,60,20,20,159
900,80,20,20,163
920,100,20,20,168
940,120,20,20,174
960,140,20,20,178
980,160,20,20,179
1000,180,20,20,180
1020,200,20,20,180
1040,220,20,20,181
1060,240,20,20,185
1080,260,20,20,190
1100,280,20,20,197
1120,300,20,20,239
1140,320,20,20,280
1160,340,20,20,336
1160,340,-20,20,352
1140,360,-20,20,356
1120,380,-20,20,356
1100,400,-20,20,356
1080,420,-20,20,356
1060,440,-20,20,358
1040,460,-20,20,361
1020,480,-20,20,372
1000,500,-20,20,381
980,520,-20,20,385
960,540,-20,20,385
940,560,-20,20,385
940,560,-20,-20,385
920,540,-20,-20,385
900,520,-20,-20,385
880,500,-20,-20,385
860,480,-20,-20,385
840,460,-20,-20,385
820,440,-20,-20,385
800,420,-20,-20,385
780,400,-20,-20,385
760,380,-20,-20,385
740,360,-20,-20,385
720,340,-20,-20,385
700,320,-20,-20,385
680,300,-20,-20,385
660,280,-20,-20,385
640,260,-20,-20,385
620,240,-20,-20,385
600,220,-20,-20,385
580,200,-20,-20,385
560,180,-20,-20,385
540,160,-20,-20,385
520,140,-20,-20,385
500,120,-20,-20,385
480,100,-20,-20,385
460,80,-20,-20,385
440,60,-20,-20,385
420,40,-20,-20,385
420,40,-20,20,385
400,60,-20,20,385
380,80,-20,20,385
360,100,-20,20,385
340,120,-20,20,385
320,140,-20,20,385
300,160,-20,20,385
280,180,-20,20,385
260,200,-20,20,385
240,220,-20,20,385
220,240,-20,20,385
200,260,-20,20,385
180,280,-20,20,385
160,300,-20,20,385
140,320,-20,20,385
120,340,-20,20,385
100,360,-20,20,385
80,380,-20,20,385
60,400,-20,20,385
40,420,-20,20,385
40,420,20,20,385
60,440,20,20,385
80,460,20,20,385
100,480,20,20,385
120,500,20,20,385
140,520,20,20,385
160,540,20,20,385
180,560,20,20,383
180,560,20,-20,378
200,540,20,-20,366
220,520,20,-20,358
240,500,20,-20,348
260,480,20,-20,342
280,460,20,-20,333
300,440,20,-20,330
320,420,20,-20,325
340,400,20,-20,322
360,380,20,-20,319
380,360,20,-20,318
400,340,20,-20,316
420,320,20,-20,313
440,300,20,-20,311
460,280,20,-20,308
480,260,20,-20,304
500,240,20,-20,299
520,220,20,-20,295
540,200,20,-20,290
560,180,20,-20,286
580,160,20,-20,283
600,140,20,-20,282
620,120,20,-20,280
640,100,20,-20,278
660,80,20,-20,277
680,60,20,-20,277
700,40,20,-20,276
700,40,20,20,275
720,60,20,20,275
740,80,20,20,275
760,100,20,20,275
780,120,20,20,275
800,140,20,20,275
820,160,20,20,275
840,180,20,20,275
860,200,20,20,280
880,220,20,20,290
900,240,20,20,304
920,260,20,20,309
940,280,20,20,318
960,300,20,20,327
980,320,20,20,350
1000,340,20,20,377
1020,360,20,20,416
1040,380,20,20,440
1060,400,20,20,448
1080,420,20,20,448
1100,440,20,20,448
1120,460,20,20,448
1140,480,20,20,448
1160,500,20,20,449
1180,520,20,20,462
1200,540,20,20,475
1220,560,20,20,493
1220,560,20,-20,507
1220,560,-20,-20,508
1220,560,20,-20,508
1220,560,-20,-20,508
1220,560,20,-20,508
1220,560,-20,-20,508
1220,560,20,-20,507
1220,560,-20,-20,504
1220,560,20,-20,498
1240,540,20,-20,470
1260,520,20,-20,440
1280,500,20,-20,402
1300,480,20,-20,390
1320,460,20,-20,389
1340,440,20,-20,389
1340,440,-20,-20,389
1340,440,20,-20,389
1340,440,-20,-20,384
1340,440,20,-20,371
1360,420,20,-20,350
1380,400,20,-20,328
1400,380,20,-20,299
1420,360,20,-20,287
1160,300,-20,20,300
1140,320,-20,20,280
1120,340,-20,20,273
1100,360,-20,20,265
1080,380,-20,20,265
1060,400,-20,20,265
1040,420,-20,20,265
1020,440,-20,20,262
1000,460,-20,20,260
980,480,-20,20,260
960,500,-20,20,258
940,520,-20,20,257
920,540,-20,20,256
900,560,-20,20,256
900,560,-20,-20,256
880,540,-20,-20,256
860,520,-20,-20,255
840,500,-20,-20,255
820,480,-20,-20,255
800,460,-20,-20,255
780,440,-20,-20,255
760,420,-20,-20,255
740,400,-20,-20,255
720,380,-20,-20,255
700,360,-20,-20,255
680,340,-20,-20,255
660,320,-20,-20,255
640,300,-20,-20,255
620,280,-20,-20,255
600,260,-20,-20,255
580,240,-20,-20,255
560,220,-20,-20,255
540,200,-20,-20,255
520,180,-20,-20,255
500,160,-20,-20,255
480,140,-20,-20,255
460,120,-20,-20,255
440,100,-20,-20,255
420,80,-20,-20,255
400,60,-20,-20,255
380,40,-20,-20,255
380,40,-20,20,255
360,60,-20,20,255
340,80,-20,20,255
320,100,-20,20,255
300,120,-20,20,255
280,140,-20,20,255
260,160,-20,20,255
240,180,-20,20,255
220,200,-20,20,255
200,220,-20,20,255
180,240,-20,20,255
160,260,-20,20,255
140,280,-20,20,255
120,300,-20,20,255
100,320,-20,20,255
80,340,-20,20,255
60,360,-20,20,255
40,380,-20,20,255
40,380,20,20,255
60,400,20,20,255
80,420,20,20,255
100,440,20,20,255
120,460,20,20,254
140,480,20,20,252
160,500,20,20,251
180,520,20,20,249
200,540,20,20,248
220,560,20,20,246
220,560,20,-20,246
240,540,20,-20,243
260,520,20,-20,241
280,500,20,-20,237
300,480,20,-20,235
320,460,20,-20,233
340,440,20,-20,232
360,420,20,-20,231
380,400,20,-20,230
400,380,20,-20,228
420,360,20,-20,228
440,340,20,-20,227
460,320,20,-20,227
480,300,20,-20,227
500,280,20,-20,227
520,260,20,-20,227
540,240,20,-20,227
560,220,20,-20,227
580,200,20,-20,227
600,180,20,-20,227
620,160,20,-20,227
640,140,20,-20,227
660,120,20,-20,227
680,100,20,-20,227
700,80,20,-20,231
720,60,20,-20,236
740,40,20,-20,240
740,40,20,20,243
760,60,20,20,245
780,80,20,20,246
800,100,20,20,247
820,120,20,20,247
840,140,20,20,248
860,160,20,20,249
880,180,20,20,252
900,200,20,20,256
920,220,20,20,258
940,240,20,20,261
960,260,20,20,262
980,280,20,20,263
1000,300,20,20,271
1020,320,20,20,283
1040,340,20,20,322
1060,360,20,20,363
1080,380,20,20,427
1100,400,20,20,475
1120,420,20,20,494
1140,440,20,20,497
1160,460,20,20,497
1160,460,-20,20,497
1140,480,-20,20,501
1120,500,-20,20,506
1100,520,-20,20,512
1080,540,-20,20,514
1060,560,-20,20,514
1060,560,-20,-20,514
1040,540,-20,-20,514
1020,520,-20,-20,514
1000,500,-20,-20,514
980,480,-20,-20,514
960,460,-20,-20,514
940,440,-20,-20,514
920,420,-20,-20,514
900,400,-20,-20,514
880,380,-20,-20,512
860,360,-20,-20,493
840,340,-20,-20,477
820,320,-20,-20,450
800,300,-20,-20,430
780,280,-20,-20,396
760,260,-20,-20,349
740,240,-20,-20,302
720,220,-20,-20,253
700,200,-20,-20,224
680,180,-20,-20,182
660,160,-20,-20,153
640,140,-20,-20,118
620,120,-20,-20,103
600,100,-20,-20,87
580,80,-20,-20,87
560,60,-20,-20,87
540,40,-20,-20,87
540,40,-20,20,87
520,60,-20,20,87
500,80,-20,20,87
480,100,-20,20,87
460,120,-20,20,87
440,140,-20,20,87
420,160,-20,20,87
400,180,-20,20,87
380,200,-20,20,87
360,220,-20,20,87
340,240,-20,20,87
320,260,-20,20,87
300,280,-20,20,87
280,300,-20,20,87
260,320,-20,20,87
240,340,-20,20,87
220,360,-20,20,87
